{"cameraMode":{"drawMode":0,"name":"Shaded","section":"Shading Mode"},"sceneLighting":true,"audioPlay":false,"sceneViewState":{"showFog":true,"showMaterialUpdate":false,"showSkybox":true,"showFlares":true,"showImageEffects":true,"showParticleSystems":true,"showVisualEffectGraphs":true,"m_FxEnabled":true},"in2DMode":false,"pivot":{"x":-0.0001676968822721392,"y":0.9941747188568115,"z":-0.03953982889652252},"rotation":{"x":0.12557432055473329,"y":0.8744248747825623,"z":-0.3279440701007843,"w":0.3348052501678467},"size":1.4638060331344605,"orthographic":false}