{"cameraMode":{"drawMode":0,"name":"Shaded","section":"Shading Mode"},"sceneLighting":false,"audioPlay":false,"sceneViewState":{"showFog":true,"showMaterialUpdate":false,"showSkybox":false,"showFlares":true,"showImageEffects":true,"showParticleSystems":true,"showVisualEffectGraphs":true,"m_FxEnabled":true},"in2DMode":false,"pivot":{"x":0.3129366636276245,"y":0.39963534474372866,"z":-0.10569129139184952},"rotation":{"x":0.3693369925022125,"y":-0.010847130790352822,"z":0.004355503246188164,"w":0.9292548298835754},"size":0.8759593963623047,"orthographic":false}