{"cameraMode":{"drawMode":0,"name":"Shaded","section":"Shading Mode"},"sceneLighting":false,"audioPlay":false,"sceneViewState":{"showFog":true,"showMaterialUpdate":false,"showSkybox":false,"showFlares":true,"showImageEffects":true,"showParticleSystems":true,"showVisualEffectGraphs":true,"m_FxEnabled":true},"in2DMode":false,"pivot":{"x":0.04322085529565811,"y":0.04279327392578125,"z":0.27103036642074587},"rotation":{"x":0.1225418671965599,"y":-0.8107912540435791,"z":0.18331380188465119,"w":0.5423631072044373},"size":2.2899951934814455,"orthographic":false}