{"cameraMode":{"drawMode":0,"name":"Shaded","section":"Shading Mode"},"sceneLighting":false,"audioPlay":false,"sceneViewState":{"showFog":true,"showMaterialUpdate":false,"showSkybox":false,"showFlares":true,"showImageEffects":true,"showParticleSystems":true,"showVisualEffectGraphs":true,"m_FxEnabled":true},"in2DMode":false,"pivot":{"x":0.02353893220424652,"y":-0.1286606788635254,"z":0.17789143323898316},"rotation":{"x":0.15314359962940217,"y":-0.7612847685813904,"z":-0.1945444792509079,"w":-0.5992921590805054},"size":0.41154152154922488,"orthographic":false}