{"cameraMode":{"drawMode":0,"name":"Shaded","section":"Shading Mode"},"sceneLighting":false,"audioPlay":false,"sceneViewState":{"showFog":true,"showMaterialUpdate":false,"showSkybox":false,"showFlares":true,"showImageEffects":true,"showParticleSystems":true,"showVisualEffectGraphs":true,"m_FxEnabled":true},"in2DMode":false,"pivot":{"x":0.02353893220424652,"y":-0.1286606788635254,"z":0.17789143323898316},"rotation":{"x":-0.26061075925827029,"y":0.06712585687637329,"z":-0.01816708594560623,"w":-0.962937593460083},"size":0.41154152154922488,"orthographic":false}